{"init_params": {"cat_dims": [74, 9, 16, 16, 7, 15, 6, 5, 2, 123, 99, 96, 42], "cat_emb_dim": [1, 1, 1, 1, 1, 1, 1, 1, 1, 1, 1, 1, 1], "cat_idxs": [0, 1, 3, 4, 5, 6, 7, 8, 9, 10, 11, 12, 13], "clip_value": 0.05, "device_name": "auto", "epsilon": 1e-15, "gamma": 1.3, "grouped_features": [], "input_dim": 14, "lambda_sparse": 0.001, "mask_type": "entmax", "momentum": 0.02, "n_a": 8, "n_d": 8, "n_indep_decoder": 1, "n_independent": 2, "n_shared": 2, "n_shared_decoder": 1, "n_steps": 3, "optimizer_params": {"lr": 0.02}, "output_dim": 2, "scheduler_params": {"step_size": 10, "gamma": 0.95}, "seed": 0, "verbose": 1}, "class_attrs": {"preds_mapper": {"0": "<=50K", "1": ">50K"}}}